{"cameraMode":{"drawMode":0,"name":"Shaded","section":"Shading Mode"},"sceneLighting":true,"audioPlay":false,"sceneViewState":{"showFog":true,"showMaterialUpdate":false,"showSkybox":true,"showFlares":true,"showImageEffects":true,"showParticleSystems":true,"showVisualEffectGraphs":true,"m_FxEnabled":true},"in2DMode":false,"pivot":{"x":36.44484329223633,"y":29.507692337036134,"z":-35.73978042602539},"rotation":{"x":-0.07817305624485016,"y":0.03797150030732155,"z":-0.0029795963782817127,"w":-0.9962126016616821},"size":0.32767683267593386,"orthographic":false}